events,coef
double,1.0216668242585334
hit_by_pitch,0.5154903842695503
home_run,2.1400331007070754
single,0.6246722285707975
triple,1.3680552195685565
walk,0.33008224262548563
