events,coef
double,1.022061986869327
hit_by_pitch,0.5147592852219703
home_run,2.1404366098069643
single,0.6234175042828128
triple,1.3709940209785807
walk,0.32833059284034427
