events,coef
double,1.0763903049025767
hit_by_pitch,0.5239906175804074
home_run,1.9574265252835095
single,0.6735709778110067
triple,1.4505296436155206
walk,0.31809193080697923
