events,coef
double,1.0192450748587891
hit_by_pitch,0.5198752383717516
home_run,2.1327738808511123
single,0.626326546095909
triple,1.3705579403405832
walk,0.33122131948185507
