events,coef
double,1.0765552991962968
hit_by_pitch,0.5243093158725847
home_run,1.956819684349165
single,0.6736355785765845
triple,1.4508057263760488
walk,0.3178743956293206
