events,coef
double,1.076088207758543
hit_by_pitch,0.5266854379439071
home_run,1.9504853436291576
single,0.6756621637317092
triple,1.4507132856814073
walk,0.32036556125527604
