events,coef
double,1.0764188996777633
hit_by_pitch,0.524005701674318
home_run,1.957512995762037
single,0.6735652061641122
triple,1.4504461986674384
walk,0.3180509980543312
