events,coef
double,1.0796166736099666
hit_by_pitch,0.5246483019741495
home_run,1.9521008802953213
single,0.6752282816950432
triple,1.4486722542019168
walk,0.3197336082236028
