events,coef
double,1.019163264554139
hit_by_pitch,0.5125377755194511
home_run,2.11949220331964
single,0.6261574348251254
triple,1.389194008839087
walk,0.3334553129425573
