events,coef
double,1.019114861708084
hit_by_pitch,0.5126778229551436
home_run,2.1229103591039458
single,0.6254842473361986
triple,1.3867734630982778
walk,0.33303924579835065
