events,coef
double,1.0772320740090906
hit_by_pitch,0.526266703202244
home_run,1.9519578224447791
single,0.6746748354622394
triple,1.449528473400614
walk,0.3203400914810328
