events,coef
double,1.0224385506083191
hit_by_pitch,0.5129927654285855
home_run,2.1406299504172837
single,0.6235920991171614
triple,1.3721728795958041
walk,0.3281737548328469
