events,coef
double,1.0190258978742577
hit_by_pitch,0.512330430201374
home_run,2.125697183441976
single,0.6252910949261286
triple,1.3841571481439219
walk,0.33349824541234196
