events,coef
double,1.0778082499915327
hit_by_pitch,0.5252633393558082
home_run,1.951578815290929
single,0.6740840442990808
triple,1.4517618291723842
walk,0.3195037218902646
