events,coef
double,1.0194729257999098
hit_by_pitch,0.5131424236830726
home_run,2.1217564833741838
single,0.6260671054615217
triple,1.3863322292585563
walk,0.3332288324227551
