events,coef
double,1.0712787647432234
hit_by_pitch,0.5227040767070024
home_run,1.936357730310135
single,0.6753238002573694
triple,1.4783391119302363
walk,0.3159965160520346
