events,coef
double,1.0197905137074497
hit_by_pitch,0.5130799368292912
home_run,2.122230788376828
single,0.6260893731382856
triple,1.3853554122827292
walk,0.33345397566541723
