events,coef
double,1.0140402461044078
hit_by_pitch,0.5148134311572872
home_run,2.133643910863012
single,0.6237704440477813
triple,1.3868283311735172
walk,0.32690363665399463
