events,coef
double,1.0222542844777802
hit_by_pitch,0.513707223109431
home_run,2.141648431164886
single,0.6231848382605909
triple,1.3715396612070647
walk,0.3276655617802475
