events,coef
<<<<<<< HEAD
double,1.0765921896043802
hit_by_pitch,0.5239829899751292
home_run,1.9587533346013206
single,0.6735557617437276
triple,1.4489505930222608
walk,0.3181651310531826
=======
double,1.076390192438991
hit_by_pitch,0.5239903891224493
home_run,1.9574256718528331
single,0.6735709510534532
triple,1.450531003412192
walk,0.3180917921200819
>>>>>>> 7631b2e923c3f30db56f9d69c79d01847946ad4e
