events,coef
double,1.0763189866048146
hit_by_pitch,0.5244734215843617
home_run,1.9535906384039956
single,0.6741105476737557
triple,1.452448607308918
walk,0.31905779842415455
