events,coef
double,1.0771969624539017
hit_by_pitch,0.5251223774974083
home_run,1.9552096943538686
single,0.6745903820060158
triple,1.448772668475208
walk,0.3191079152135976
