events,coef
double,1.0765346544888483
hit_by_pitch,0.5234343324802587
home_run,1.9590633479123813
single,0.6736437880081363
triple,1.4490810551707667
walk,0.3182428219396086
