events,coef
double,1.0794989028925628
hit_by_pitch,0.5257673480359031
home_run,1.9501931392694267
single,0.6755984516800498
triple,1.4492994157044798
walk,0.31964274241757773
