events,coef
double,1.0785718919548881
hit_by_pitch,0.5229331384556474
home_run,1.9565820392796707
single,0.6733022513837716
triple,1.4534944437195347
walk,0.3151162352064878
