events,coef
double,1.077775614943028
hit_by_pitch,0.5238571865293706
home_run,1.9512329811874312
single,0.673572731435173
triple,1.4546095536208423
walk,0.3189519322841546
