events,coef
double,1.0804980703097584
hit_by_pitch,0.5241088039939682
home_run,1.9515574392720054
single,0.6721934465358949
triple,1.456753929376382
walk,0.3148883105119921
