events,coef
double,1.0224454381927708
hit_by_pitch,0.5131771055228008
home_run,2.1391486600915703
single,0.6232454286070471
triple,1.3747298901772613
walk,0.32725347740855076
