events,coef
double,1.0186675905900462
hit_by_pitch,0.5123016445990303
home_run,2.1231116453309236
single,0.6250633107029676
triple,1.3872252748191998
walk,0.33363053395783293
