events,coef
double,1.0192821538078427
hit_by_pitch,0.5125172743892484
home_run,2.124640335982607
single,0.6254170910231273
triple,1.384540217574197
walk,0.33360292722297635
