events,coef
double,1.0721512569438554
hit_by_pitch,0.5257139449546017
home_run,1.9436526565687342
single,0.6764440947757772
triple,1.4664596038314397
walk,0.3155784429255916
