events,coef
double,1.076582564923079
hit_by_pitch,0.5242244325084697
home_run,1.9544519570714467
single,0.6736735375939206
triple,1.4521231656304794
walk,0.3189443422726034
