events,coef
double,1.0195407570779362
hit_by_pitch,0.5133142306936039
home_run,2.1230095398055555
single,0.6258446465927838
triple,1.3849257330154432
walk,0.3333650928146771
