events,coef
double,1.0226407415093013
hit_by_pitch,0.5135437597790639
home_run,2.1411008169330654
single,0.6232737751733733
triple,1.371824904864155
walk,0.3276160017410408
