events,coef
double,1.0191617055079716
hit_by_pitch,0.5123516607375626
home_run,2.120397578249703
single,0.6259239669003522
triple,1.3887320864914987
walk,0.3334330021129123
