events,coef
double,1.022025207168773
hit_by_pitch,0.5136168908477112
home_run,2.140581223070308
single,0.6236459560785635
triple,1.3722832176845419
walk,0.327847505150102
