events,coef
double,1.019247438127228
hit_by_pitch,0.513048564736299
home_run,2.123125639029238
single,0.6254659379839211
triple,1.3858731564183386
walk,0.3332392637049757
