events,coef
double,1.0764597128844244
hit_by_pitch,0.5245386804367829
home_run,1.9568423875187173
single,0.6736250520148823
triple,1.4505117014909799
walk,0.3180224656542127
