events,coef
double,1.0753039255632
hit_by_pitch,0.5268214018679117
home_run,1.9497355179801368
single,0.6751623468843315
triple,1.4525311439413842
walk,0.3204456637630364
