events,coef
double,1.0765691840895757
hit_by_pitch,0.5251405228871409
home_run,1.9541160804139188
single,0.6737011725009908
triple,1.451537727538493
walk,0.3189353125698801
