events,coef
double,1.020976710322447
hit_by_pitch,0.5161059327774471
home_run,2.138345564117859
single,0.6246381862303395
triple,1.36971013589769
walk,0.33022347065421737
