events,coef
double,1.0226600985837024
hit_by_pitch,0.5152107577191588
home_run,2.139381326193872
single,0.6237968489849209
triple,1.3699432375899807
walk,0.3290077309283649
