events,coef
double,1.0218042281896307
hit_by_pitch,0.5137747005490921
home_run,2.1417293171644163
single,0.6232026415001776
triple,1.371826694616026
walk,0.32766241798065654
