events,coef
double,1.0167965804793098
hit_by_pitch,0.5107672965134329
home_run,2.127220159820163
single,0.6232976096763628
triple,1.3906272790601806
walk,0.33129107445055084
