events,coef
double,1.0225023904843844
hit_by_pitch,0.5131129033963936
home_run,2.138257540473224
single,0.6234258623798055
triple,1.3753076861125797
walk,0.32739361715361315
