events,coef
double,1.0222019115250214
hit_by_pitch,0.5132680633748781
home_run,2.1413271042562836
single,0.6237034777103124
triple,1.371352899256215
walk,0.32814654387729075
