events,coef
double,1.012885363744735
hit_by_pitch,0.5145661311741071
home_run,2.1306148731956283
single,0.6238152840077442
triple,1.3908750390100852
walk,0.3272433088676994
