events,coef
double,1.0673732809209118
hit_by_pitch,0.5226604463679787
home_run,1.926854962772996
single,0.675607662934878
triple,1.488487414280224
walk,0.31901623272301244
