events,coef
double,1.0227318258930571
hit_by_pitch,0.5132262378408828
home_run,2.1411238488675157
single,0.6234770264893318
triple,1.3714588846805928
walk,0.32798217622861897
