events,coef
double,1.0762619499828125
hit_by_pitch,0.524584284220479
home_run,1.9546337796712374
single,0.6733808886100984
triple,1.4522438005966243
walk,0.3188952969187472
