events,coef
double,1.0196284239715587
hit_by_pitch,0.5131336421757033
home_run,2.122527155957907
single,0.6258733895197928
triple,1.3853434811980112
walk,0.3334939071770278
