events,coef
double,1.0168560593000087
hit_by_pitch,0.5129133690450585
home_run,2.1351368218580706
single,0.6223625467353506
triple,1.3850567278771218
walk,0.3276744751843889
