events,coef
double,1.063380147195851
hit_by_pitch,0.5259178940358908
home_run,1.933105928550464
single,0.6744995440671426
triple,1.486158801349495
walk,0.3169376848011565
