events,coef
double,1.022138485214692
hit_by_pitch,0.5144097431991591
home_run,2.141838646726835
single,0.6234340689429041
triple,1.3703937959436483
walk,0.3277852599727608
