events,coef
double,1.0195202509929258
hit_by_pitch,0.5129541220465768
home_run,2.118765304128813
single,0.6261922552153844
triple,1.3891716122364766
walk,0.33339645537982454
