events,coef
double,1.071648331839338
hit_by_pitch,0.518748103780874
home_run,1.9465666444251042
single,0.6736906239973562
triple,1.4771503182571113
walk,0.312195977700217
