events,coef
double,1.0218724290343244
hit_by_pitch,0.5169255777548817
home_run,2.1360857487951916
single,0.6248918935440136
triple,1.3699617421232853
walk,0.33026260874830266
