events,coef
double,1.0133263093563345
hit_by_pitch,0.5167830289427274
home_run,2.1295538895018065
single,0.6241947241472374
triple,1.3883847376000922
walk,0.32775731045180095
