events,coef
double,1.02219493061846
hit_by_pitch,0.5142213387871907
home_run,2.139456918406358
single,0.6236310548659726
triple,1.3721918906110728
walk,0.3283038667109459
