events,coef
double,1.0765351862422181
hit_by_pitch,0.52343441660276
home_run,1.9590639176772375
single,0.6736433589077657
triple,1.4490792832538513
walk,0.3182438373161674
