events,coef
double,1.0677288030900534
hit_by_pitch,0.5279967429097044
home_run,1.9344011707106301
single,0.6795398523371114
triple,1.4744495607839103
walk,0.3158838701685904
