events,coef
double,1.0183441851159145
hit_by_pitch,0.5124127341392934
home_run,2.123731827121514
single,0.6251576115762278
triple,1.386817674895383
walk,0.3335359671516674
