events,coef
double,1.0221974456221756
hit_by_pitch,0.5150401269549518
home_run,2.139817375089579
single,0.6235954715210752
triple,1.3706566648012657
walk,0.3286929160109528
