events,coef
double,1.0728305073680933
hit_by_pitch,0.5188613197702691
home_run,1.9443462827031501
single,0.6725907250162032
triple,1.479001049494486
walk,0.312370115647799
