events,coef
double,1.0793037429813626
hit_by_pitch,0.5253123780363745
home_run,1.9503839738674693
single,0.6738011792484729
triple,1.4520706003804642
walk,0.31912812548585634
