events,coef
double,1.0762736294100346
hit_by_pitch,0.5248490020106161
home_run,1.9543426250017755
single,0.6737784941112898
triple,1.4518197228578889
walk,0.3189365266083953
