events,coef
double,1.0682894812563268
hit_by_pitch,0.5234862813103218
home_run,1.9329247759279515
single,0.6749649830681161
triple,1.481341383742858
walk,0.3189930946944261
