events,coef
double,1.0765921896043802
hit_by_pitch,0.5239829899751292
home_run,1.9587533346013206
single,0.6735557617437276
triple,1.4489505930222608
walk,0.3181651310531826
