events,coef
double,1.0191092818629888
hit_by_pitch,0.5124918760456035
home_run,2.122589634999954
single,0.6255924645138361
triple,1.3870946539355538
walk,0.33312208864206344
