events,coef
double,1.0223129061881973
hit_by_pitch,0.512954155070022
home_run,2.1396924638446624
single,0.6234589395158443
triple,1.3738280034868968
walk,0.3277535318943761
