events,coef
double,1.077289459679727
hit_by_pitch,0.5251771098470341
home_run,1.954496062614909
single,0.6745623638323328
triple,1.4490891932852228
walk,0.3193858107407751
