events,coef
double,1.0141660806505135
hit_by_pitch,0.5146236550207743
home_run,2.1337458537722043
single,0.6236785865778061
triple,1.386944235549685
walk,0.32684158842901484
