events,coef
double,1.018785120479242
hit_by_pitch,0.5122203457743026
home_run,2.1260135055196825
single,0.6253122001009671
triple,1.384269768621625
walk,0.33339905950418025
