events,coef
double,1.073575746943703
hit_by_pitch,0.5232625252926854
home_run,1.9432796174010456
single,0.6759745615179095
triple,1.470043302030787
walk,0.3138642468138693
