events,coef
double,1.0770445158504638
hit_by_pitch,0.5242671308044783
home_run,1.9530095252447384
single,0.6742889508226935
triple,1.4564526370696618
walk,0.3149372402079641
