events,coef
double,1.0181297380015124
hit_by_pitch,0.5198210348040118
home_run,2.133972249995585
single,0.6265151043443314
triple,1.3701915666204005
walk,0.3313703062341587
