events,coef
double,1.0654743825948791
hit_by_pitch,0.522303857162609
home_run,1.9329843532675577
single,0.6726607110790217
triple,1.490956971561234
walk,0.31561972433469865
