events,coef
double,1.0128238659498474
hit_by_pitch,0.515016004260087
home_run,2.1247190150767485
single,0.6249804215730067
triple,1.3934216975403795
walk,0.3290389955999321
