events,coef
double,1.0226444109759936
hit_by_pitch,0.5133778123261221
home_run,2.14165267194655
single,0.6235394913224647
triple,1.3707691273247744
walk,0.3280164861040952
