events,coef
double,1.0124411299206473
hit_by_pitch,0.5147353529634074
home_run,2.127972229985576
single,0.6239151104515351
triple,1.3933421342594685
walk,0.3275940424193652
