events,coef
double,1.06869974792313
hit_by_pitch,0.5269567034122042
home_run,1.9336133137258713
single,0.6737532878906102
triple,1.4798578481198341
walk,0.3171190989283508
