events,coef
double,1.0225480723720854
hit_by_pitch,0.5134764210167688
home_run,2.1377144040617484
single,0.6234264217642806
triple,1.3753934552192881
walk,0.32744122556582844
