events,coef
double,1.0744072026093983
hit_by_pitch,0.5267429405647446
home_run,1.9493798229614585
single,0.6748269213790965
triple,1.4587697432038698
walk,0.315873369281433
