events,coef
double,1.012674418080121
hit_by_pitch,0.5150737015142106
home_run,2.1275548569743323
single,0.624264639577295
triple,1.3920988746378993
walk,0.3283335092161417
