events,coef
double,1.0221946057288862
hit_by_pitch,0.5166748669866806
home_run,2.1378868650100893
single,0.6248908874834713
triple,1.3675190314864538
walk,0.33083374330441817
