events,coef
double,1.022618022280781
hit_by_pitch,0.5130230567495765
home_run,2.1389586911752687
single,0.6233376832556686
triple,1.3747387359008072
walk,0.3273238106378973
