events,coef
double,1.0765387216275897
hit_by_pitch,0.5240346605427663
home_run,1.9557710885968924
single,0.673498618170009
triple,1.4523687444134972
walk,0.317788166649245
