events,coef
double,1.0761468537352257
hit_by_pitch,0.524688951749121
home_run,1.9531564725726365
single,0.674234729595165
triple,1.4524472291254018
walk,0.3193257632224496
