events,coef
double,1.0223298173583755
hit_by_pitch,0.5141398250457856
home_run,2.1402647105318993
single,0.6238279562753716
triple,1.3711279781673518
walk,0.32830971262121594
