events,coef
double,1.0222183012875183
hit_by_pitch,0.5138833983783043
home_run,2.140971781181253
single,0.6234558513114464
triple,1.3713022538597828
walk,0.3281684139816945
