events,coef
double,1.071207446055514
hit_by_pitch,0.5176322346531519
home_run,1.9442633204060105
single,0.6719033259878369
triple,1.4826758968159937
walk,0.31231777608149314
