events,coef
double,1.0186552081944142
hit_by_pitch,0.5122466979744736
home_run,2.121849307901404
single,0.6259943551835941
triple,1.3876487555366686
walk,0.3336056752094451
