events,coef
double,1.0135011281569926
hit_by_pitch,0.5137886591744939
home_run,2.131707246379303
single,0.6232865251476131
triple,1.3910197730807308
walk,0.32669666806086667
