events,coef
double,1.06848080473166
hit_by_pitch,0.5251833632204089
home_run,1.93123090319933
single,0.6791801258680279
triple,1.479847064961829
walk,0.31607773801874417
