events,coef
double,1.0185171535072357
hit_by_pitch,0.5127585902636919
home_run,2.119432888485466
single,0.6262176707332278
triple,1.389608588565133
walk,0.33346510844524646
