events,coef
double,1.0716431579488022
hit_by_pitch,0.5215699679685929
home_run,1.942973498608051
single,0.6742704957710896
triple,1.474391704682728
walk,0.3151511750207366
