events,coef
double,1.0136043293325454
hit_by_pitch,0.5145893182985003
home_run,2.1303107497245737
single,0.6235581881486004
triple,1.390717355143373
walk,0.32722005935240706
