events,coef
double,1.0139448633495667
hit_by_pitch,0.5148427322045025
home_run,2.1265216915163903
single,0.6244821514282606
triple,1.3913399789663543
walk,0.32886858253492507
