events,coef
double,1.07746104900624
hit_by_pitch,0.5244814331804132
home_run,1.951921860326231
single,0.6739116317281882
triple,1.453121543279045
walk,0.3191024824798829
