events,coef
double,1.0225630949884184
hit_by_pitch,0.5149468881205018
home_run,2.139619474850214
single,0.6237822080192306
triple,1.3703284412705294
walk,0.3287598927511044
