events,coef
double,1.0224049659466738
hit_by_pitch,0.5152933331327977
home_run,2.13952199970385
single,0.6238231372724603
triple,1.3699767790590796
walk,0.3289797848851386
