events,coef
double,1.0225968396725524
hit_by_pitch,0.5152728715502198
home_run,2.139453878612288
single,0.6237950254956829
triple,1.369895656142682
walk,0.3289857285265745
