events,coef
double,1.0763500949039893
hit_by_pitch,0.5240234630012908
home_run,1.9578751300865904
single,0.6733682175036859
triple,1.4504276369343514
walk,0.3179554575700917
