events,coef
double,1.019149773378203
hit_by_pitch,0.5125610496990317
home_run,2.119260960210264
single,0.6260371913141377
triple,1.3895130295608893
walk,0.33347799583747356
