events,coef
double,1.0225526050161768
hit_by_pitch,0.5149400701762663
home_run,2.139451457222527
single,0.6238733513944432
triple,1.370461403595325
walk,0.3287211125952617
