events,coef
double,1.0763517511499194
hit_by_pitch,0.5246300936204857
home_run,1.95431430948526
single,0.6734616975827773
triple,1.4523431976139747
walk,0.3188989505475832
