events,coef
double,1.023247097571526
hit_by_pitch,0.5136344077671975
home_run,2.1392732859825783
single,0.6233954223109862
triple,1.373081674639665
walk,0.3273681117280481
