events,coef
double,1.0649802192528037
hit_by_pitch,0.524380483870026
home_run,1.9333130932619578
single,0.6748758490396646
triple,1.485518262694863
walk,0.31693209188068483
