events,coef
double,1.0193783036656716
hit_by_pitch,0.5132284018160559
home_run,2.120688607894687
single,0.6261850536922193
triple,1.3874086709604279
walk,0.3331109619709386
