events,coef
double,1.0121859025518778
hit_by_pitch,0.5153081847606351
home_run,2.13051105494756
single,0.6239670299174671
triple,1.39029659399811
walk,0.32773123382434904
