events,coef
double,1.0183186231696146
hit_by_pitch,0.5197055369863893
home_run,2.134170793561501
single,0.6268427110045076
triple,1.3699551717833724
walk,0.33100716349461506
