events,coef
double,1.0765329163381738
hit_by_pitch,0.5234314551365348
home_run,1.9590585868326853
single,0.6736470062491974
triple,1.4490925293960022
walk,0.318237506047407
