events,coef
double,1.0748434547394319
hit_by_pitch,0.5234779895259918
home_run,1.9472524428715168
single,0.6751356811863575
triple,1.4642713703373438
walk,0.3150190613393582
