events,coef
double,1.0180187825087341
hit_by_pitch,0.5121824641978583
home_run,2.124452743979847
single,0.6249106792720015
triple,1.387964675761348
walk,0.3324706542802109
