events,coef
double,1.0640118491251012
hit_by_pitch,0.5240989519519367
home_run,1.9245311722706262
single,0.677705841229293
triple,1.4905108218584622
walk,0.31914136356457995
