events,coef
double,1.0129106693903784
hit_by_pitch,0.5132320701467746
home_run,2.130545251548875
single,0.6226475505195027
triple,1.3945669769266509
walk,0.3260974814678188
