events,coef
double,1.0770435984780822
hit_by_pitch,0.5233796449169924
home_run,1.948570720519228
single,0.6757954136289179
triple,1.4602564113263945
walk,0.3149542111303857
