events,coef
double,1.0186978397585758
hit_by_pitch,0.5127150646507628
home_run,2.1250572643391155
single,0.6254090233491041
triple,1.3848226695489414
walk,0.333298138353501
