events,coef
double,1.0579761478589922
hit_by_pitch,0.5240854220668849
home_run,1.936183870549852
single,0.6768060367690591
triple,1.4873287160893107
walk,0.31761980666590056
