events,coef
double,1.076390192438991
hit_by_pitch,0.5239903891224493
home_run,1.9574256718528331
single,0.6735709510534532
triple,1.450531003412192
walk,0.3180917921200819
