events,coef
double,1.013900905052005
hit_by_pitch,0.515383556834897
home_run,2.13103851462318
single,0.6237121227596601
triple,1.3883003613042721
walk,0.32766453942598545
