events,coef
double,1.0764444310714465
hit_by_pitch,0.5248241804106806
home_run,1.9542283647255578
single,0.6737417141589954
triple,1.4518336731941655
walk,0.31892763643915445
