events,coef
double,1.0702092506669836
hit_by_pitch,0.5233868587335506
home_run,1.9295004238697333
single,0.6720392638662741
triple,1.48683549137873
walk,0.3180287114847287
