events,coef
double,1.0193282252106473
hit_by_pitch,0.5130106780988678
home_run,2.1234696614645743
single,0.6259088791791242
triple,1.3846953008629925
walk,0.33358725518379395
