events,coef
double,1.013684491221213
hit_by_pitch,0.5141230938389287
home_run,2.131829005477718
single,0.6235029140612935
triple,1.3899981580015164
walk,0.3268623373993311
