events,coef
double,1.0227713640528604
hit_by_pitch,0.5150699007925731
home_run,2.1397924575836633
single,0.6239491923458012
triple,1.3690896496694362
walk,0.3293274355556658
