events,coef
double,1.0787074574512092
hit_by_pitch,0.528974505187704
home_run,1.9477300840305038
single,0.6735442032176724
triple,1.452262733821296
walk,0.31878101629161354
