events,coef
double,1.0182515936699303
hit_by_pitch,0.5124529132976904
home_run,2.1241142598453906
single,0.6248764319200666
triple,1.3873113388346499
walk,0.3329934624322736
