events,coef
double,1.0687348100403042
hit_by_pitch,0.5217220188819278
home_run,1.931591526337089
single,0.6738700475734438
triple,1.4854063781664708
walk,0.31867521900076357
