events,coef
double,1.0653826322229172
hit_by_pitch,0.5246388301908169
home_run,1.9333814287425155
single,0.6734600630869446
triple,1.4858022221544123
walk,0.31733482360239285
