events,coef
double,1.0188668526240765
hit_by_pitch,0.5160536011662715
home_run,2.136991002079083
single,0.6239665230519469
triple,1.374934105653837
walk,0.3291879154247848
