events,coef
double,1.0608217427614932
hit_by_pitch,0.5230882245161099
home_run,1.934057326323412
single,0.676480171075445
triple,1.4879977364856325
walk,0.3175547988379091
