events,coef
double,1.0226366934023636
hit_by_pitch,0.5132724346543844
home_run,2.1393419842961223
single,0.6235224385784622
triple,1.373480516911139
walk,0.3277459321575271
