events,coef
double,1.0224322179109933
hit_by_pitch,0.5148805593213757
home_run,2.1398708828295074
single,0.6236301349528405
triple,1.3704569191804656
walk,0.3287292858048165
