events,coef
double,1.0196686918112006
hit_by_pitch,0.5130105551654488
home_run,2.1230145415039545
single,0.6257985388302671
triple,1.3849070802504673
walk,0.33360059243866197
