events,coef
double,1.079510607825497
hit_by_pitch,0.5242268298260336
home_run,1.9504028477118764
single,0.6745435287405379
triple,1.4521335822151895
walk,0.3191826036808664
