events,coef
double,1.0702707929354949
hit_by_pitch,0.5218984247445708
home_run,1.942857525915469
single,0.6731921857466322
triple,1.4773844167538053
walk,0.3143966539040285
