events,coef
double,1.077800183659251
hit_by_pitch,0.5281202030401763
home_run,1.9494835183690502
single,0.6736104509884878
triple,1.4522111305267116
walk,0.3187745134163231
