events,coef
double,1.0778990683825507
hit_by_pitch,0.5264958333692307
home_run,1.9502173061256112
single,0.6756695357505428
triple,1.4489108153806225
walk,0.3208074409914437
