events,coef
double,1.0224715260235895
hit_by_pitch,0.5153376410202931
home_run,2.1395786812178192
single,0.6241030227062019
triple,1.369068062981129
walk,0.3294410660509674
