events,coef
double,1.0122186516182665
hit_by_pitch,0.5148519856149903
home_run,2.1284490224194585
single,0.6232398754863302
triple,1.3939410250439754
walk,0.3272994398169794
