events,coef
double,1.0642922800145083
hit_by_pitch,0.5226881570727786
home_run,1.934582554005448
single,0.672877262366032
triple,1.4890334042761177
walk,0.31652634226511445
