events,coef
double,1.021971006865171
hit_by_pitch,0.5140248858062187
home_run,2.1418939339108696
single,0.62343637826594
triple,1.3707346957867605
walk,0.3279390993650409
