events,coef
double,1.0767448833250213
hit_by_pitch,0.5243980651115422
home_run,1.9544647418099548
single,0.6737780595156116
triple,1.451550647926624
walk,0.3190636023112468
