events,coef
double,1.0224303123962843
hit_by_pitch,0.5134731384571499
home_run,2.1391539971027838
single,0.6234422291461921
triple,1.3740018252176145
walk,0.327498497679976
