events,coef
double,1.0597156523387534
hit_by_pitch,0.5228619751908683
home_run,1.9330148805109675
single,0.6761708897717359
triple,1.490785484495392
walk,0.3174511176922835
