events,coef
double,1.0766503663790024
hit_by_pitch,0.524227386926907
home_run,1.956910307664591
single,0.6736403978903897
triple,1.4507143466081365
walk,0.3178571945309725
