events,coef
double,1.0678330598871417
hit_by_pitch,0.5235662763132182
home_run,1.9351066754265267
single,0.6764304505711568
triple,1.4829448655458306
walk,0.3141186722561252
