events,coef
double,1.0655085539510465
hit_by_pitch,0.5213007994469763
home_run,1.935232877501418
single,0.6726191815265193
triple,1.4890771054444776
walk,0.3162614821295633
