events,coef
double,1.0133716227018599
hit_by_pitch,0.5167206366784356
home_run,2.1296034889331232
single,0.6239425081364217
triple,1.3887315011184336
walk,0.3276302424317256
