events,coef
double,1.0222571266205391
hit_by_pitch,0.5139319841133388
home_run,2.1408066349635977
single,0.6237218041856665
triple,1.3711339305272048
walk,0.3281485195896531
