events,coef
double,1.0226974296970635
hit_by_pitch,0.5156869384760988
home_run,2.1384388793941924
single,0.6242453638317274
triple,1.36894762587869
walk,0.3299837627222276
