events,coef
double,1.0195973576521886
hit_by_pitch,0.5188258143460397
home_run,2.135458066649583
single,0.6263457723415837
triple,1.368987773694324
walk,0.3307852153162806
