events,coef
double,1.0194001987192525
hit_by_pitch,0.5125777667930063
home_run,2.120170198224383
single,0.6258826761424912
triple,1.3887959513614105
walk,0.33317320875945716
