events,coef
double,1.0800248816721243
hit_by_pitch,0.5248208731530393
home_run,1.954240674693227
single,0.6746805339533255
triple,1.44688104108093
walk,0.3193519954473544
