events,coef
double,1.0223288277939138
hit_by_pitch,0.5160696770570472
home_run,2.137932235739484
single,0.6247325946868455
triple,1.3685910967058508
walk,0.3303455680168593
