events,coef
double,1.0200607631856171
hit_by_pitch,0.518061767951101
home_run,2.134795859600747
single,0.6253864981692716
triple,1.3708017624841655
walk,0.33089334860909864
