events,coef
double,1.018785328440885
hit_by_pitch,0.5166459460448339
home_run,2.134636734477567
single,0.6243593594549591
triple,1.3755493817227915
walk,0.3300232498589636
