events,coef
double,1.019467068650964
hit_by_pitch,0.5133031589841122
home_run,2.120240692240071
single,0.6261447822243246
triple,1.387664894065999
walk,0.3331794038345292
