events,coef
double,1.0798511643143738
hit_by_pitch,0.524766587552144
home_run,1.9476391324249147
single,0.6713920915402625
triple,1.4608875187477552
walk,0.3154635054205494
