events,coef
double,1.0165065254296235
hit_by_pitch,0.5146073636779498
home_run,2.1338361662380656
single,0.6236387903135738
triple,1.3847059636143784
walk,0.3267051907264084
