events,coef
double,1.0766475171457157
hit_by_pitch,0.5242282615566219
home_run,1.9569097662119315
single,0.6736413080438678
triple,1.4507167670041465
walk,0.31785638003771743
