events,coef
double,1.0759829309356146
hit_by_pitch,0.5246499697297395
home_run,1.9533469025486287
single,0.6741431996664915
triple,1.4525109571215828
walk,0.3193660399979427
