events,coef
double,1.0671827478885094
hit_by_pitch,0.5274283750119557
home_run,1.9377581085165858
single,0.6786019884785458
triple,1.4725566463279405
walk,0.3164721337764621
