events,coef
double,1.0175790163596559
hit_by_pitch,0.5148384095188704
home_run,2.1356219794542706
single,0.6234918198576311
triple,1.3796524190258728
walk,0.3288163557836997
