events,coef
double,1.0194172987718968
hit_by_pitch,0.5127187036396853
home_run,2.1202294652883427
single,0.6261866890554135
triple,1.388065632874706
walk,0.33338221036995525
