events,coef
double,1.019044783316013
hit_by_pitch,0.5129245079491663
home_run,2.1241751398631172
single,0.6254774154765391
triple,1.3849324298569043
walk,0.3334457235382604
