events,coef
double,1.0625573683461371
hit_by_pitch,0.5271428868176181
home_run,1.9399144311683776
single,0.678207823373798
triple,1.4762507894055654
walk,0.3159267008885039
