events,coef
double,1.0643188470158274
hit_by_pitch,0.5238685410132963
home_run,1.9364767883208407
single,0.6747522327892829
triple,1.4839072801286182
walk,0.31667631073213454
