events,coef
double,1.0781726655707304
hit_by_pitch,0.5241938015170846
home_run,1.9504819936537825
single,0.6751254649749964
triple,1.4525951163780055
walk,0.3194309579054
