events,coef
double,1.0778267339789018
hit_by_pitch,0.5247040359139606
home_run,1.9533441191038006
single,0.674207181623072
triple,1.4507348073362938
walk,0.3191831220439722
