events,coef
double,1.0193743616008253
hit_by_pitch,0.513189471985172
home_run,2.123007144284664
single,0.6257759792704848
triple,1.3851102475096986
walk,0.3335427953491552
