events,coef
double,1.0190523612827669
hit_by_pitch,0.5128200081754662
home_run,2.123094940380825
single,0.6254528861565715
triple,1.386414046231765
walk,0.33316575777260565
