events,coef
double,1.0129206460722093
hit_by_pitch,0.5133134980400881
home_run,2.1306870664301076
single,0.6227844339381552
triple,1.3941781392153842
walk,0.3261162163040554
