events,coef
double,1.013025066368891
hit_by_pitch,0.5164041250392282
home_run,2.1298669593156885
single,0.6241088727154819
triple,1.3885167705764025
walk,0.3280782059843076
