events,coef
double,1.076109203058139
hit_by_pitch,0.5237875327788785
home_run,1.9482118911857624
single,0.6753254504402258
triple,1.4606270405628918
walk,0.31593888197410236
