events,coef
double,1.0774660971420094
hit_by_pitch,0.5267807704467261
home_run,1.9487125248475934
single,0.6750740494246048
triple,1.4512330922176198
walk,0.3207334659214474
