events,coef
double,1.0732365057342015
hit_by_pitch,0.5208447324300066
home_run,1.9444511873908075
single,0.6744144744293655
triple,1.4734286862541333
walk,0.3136244137614861
