events,coef
double,1.0764419747876204
hit_by_pitch,0.5247065248869083
home_run,1.9537782291235373
single,0.6744760595026468
triple,1.4511987522716736
walk,0.3193984594276139
