events,coef
double,1.0190325243917833
hit_by_pitch,0.5130875987963772
home_run,2.118654567476268
single,0.6260007726412504
triple,1.3898241215840716
walk,0.3334004151102496
