events,coef
double,1.0221453848217499
hit_by_pitch,0.514170422933417
home_run,2.140764336185375
single,0.6234307241182293
triple,1.3718336796573407
walk,0.3276554522838877
