events,coef
double,1.017020794920556
hit_by_pitch,0.5127278408327719
home_run,2.1348945223015683
single,0.6224334716251981
triple,1.3847320307189679
walk,0.32819133960093727
