events,coef
double,1.073642560744767
hit_by_pitch,0.5209510485065548
home_run,1.9454859402387619
single,0.6751256170401878
triple,1.4710509200059751
walk,0.3137439134637527
