events,coef
double,1.0612038908391037
hit_by_pitch,0.5207444386430957
home_run,1.9266533282176863
single,0.6753633929818124
triple,1.4983360123681113
walk,0.31769893695019047
