events,coef
double,1.0183640762957136
hit_by_pitch,0.5189879304673563
home_run,2.1340113699369954
single,0.6258251361033688
triple,1.372433474352537
walk,0.33037801284402973
