events,coef
double,1.022641154439673
hit_by_pitch,0.5138685570918574
home_run,2.1413461338618283
single,0.6236195676475941
triple,1.3703386596904852
walk,0.32818592726856155
