events,coef
double,1.0136428717971242
hit_by_pitch,0.5151860120973816
home_run,2.1238198462542215
single,0.6248521882563601
triple,1.3935147622492101
walk,0.32898431934570416
