events,coef
double,1.077283626534043
hit_by_pitch,0.52709000637314
home_run,1.9504779227312017
single,0.6754988769093856
triple,1.4491062292542367
walk,0.32054333819799335
