events,coef
double,1.0221891469674238
hit_by_pitch,0.5141438964954687
home_run,2.1415839119849513
single,0.6234493838612352
triple,1.3707680852412685
walk,0.3278655754496533
