events,coef
double,1.0804972180881756
hit_by_pitch,0.5259870272009521
home_run,1.95140992137716
single,0.6724388659652184
triple,1.4542474088458486
walk,0.315419558522645
