events,coef
double,1.0168216047976348
hit_by_pitch,0.5108856338258996
home_run,2.1268056619228575
single,0.623229589892705
triple,1.3910307607583425
walk,0.33122674880255915
