events,coef
double,1.0690406962117969
hit_by_pitch,0.5256453344178657
home_run,1.9322902042052381
single,0.6794146215758325
triple,1.4773846820146035
walk,0.316224461574664
