events,coef
double,1.0777245425279038
hit_by_pitch,0.5236721749494362
home_run,1.949625656132568
single,0.6750769165666494
triple,1.4548346259112084
walk,0.31906608391223445
