events,coef
double,1.0183424700437813
hit_by_pitch,0.5124983123134949
home_run,2.1253764643565503
single,0.6249634578671799
triple,1.3864337035359535
walk,0.33238559188303957
