events,coef
double,1.0227786114251718
hit_by_pitch,0.5155525139450422
home_run,2.1387298840711955
single,0.6240700432157935
triple,1.3688812265205699
walk,0.3299877208222266
