events,coef
double,1.0196078289319823
hit_by_pitch,0.5129331878620134
home_run,2.1225463529415465
single,0.6259239874590974
triple,1.3857297950233152
walk,0.333258847782046
