events,coef
double,1.0235470613213649
hit_by_pitch,0.5139621513607409
home_run,2.137779473112043
single,0.6233952549960793
triple,1.3735727347873516
walk,0.3277433244224196
