events,coef
double,1.0617119311435737
hit_by_pitch,0.5217605994060384
home_run,1.9291370892730628
single,0.6766248002131234
triple,1.4927725476417233
walk,0.3179930323224783
