events,coef
double,1.0222538073373548
hit_by_pitch,0.5152450857231636
home_run,2.138728752620803
single,0.6238573215763995
triple,1.3706819198694091
walk,0.32923311287287005
