events,coef
double,1.0726695027131579
hit_by_pitch,0.519500875090562
home_run,1.946629703253921
single,0.6737819710060511
triple,1.4746241513125087
walk,0.3127937966237994
