events,coef
double,1.0181362865613908
hit_by_pitch,0.5123553355200342
home_run,2.1254061801656947
single,0.625012729812105
triple,1.3860679068585835
walk,0.3330215610821931
