events,coef
double,1.0157951757166062
hit_by_pitch,0.5144786407567032
home_run,2.134453938597808
single,0.62326082857479
triple,1.3852422314058759
walk,0.32676918494821694
