events,coef
double,1.074257046953663
hit_by_pitch,0.5232302086537062
home_run,1.9450819775362007
single,0.6751540751615238
triple,1.4675217758989125
walk,0.31475491579599374
