events,coef
double,1.0225786179898206
hit_by_pitch,0.5149583012030772
home_run,2.1395483178100956
single,0.623775864414553
triple,1.3703492435177644
walk,0.3287896550646902
