events,coef
double,1.0221078476570415
hit_by_pitch,0.513972878925183
home_run,2.141373876805725
single,0.6234681729564014
triple,1.3710238808555448
walk,0.3280533428001043
