events,coef
double,1.076513416653475
hit_by_pitch,0.5240525992362207
home_run,1.9556445897790535
single,0.6733021245654401
triple,1.4526117378094634
walk,0.3178755319563455
