events,coef
double,1.0220968623156073
hit_by_pitch,0.5141387319970617
home_run,2.1411112666341205
single,0.6234953852163572
triple,1.3713062363086788
walk,0.3278515175281748
