events,coef
double,1.0222904342277084
hit_by_pitch,0.5131705094048894
home_run,2.1394554925049016
single,0.6235643220098916
triple,1.3734946432117385
walk,0.32802459864086997
