events,coef
double,1.0765054662022562
hit_by_pitch,0.5249622805420816
home_run,1.9535239634154524
single,0.6744017966197822
triple,1.4513672454571909
walk,0.3192392477632365
