events,coef
double,1.0221117269749689
hit_by_pitch,0.5135611030942728
home_run,2.141598454479868
single,0.623416059523929
triple,1.3711991348055186
walk,0.3281135211214422
