events,coef
double,1.0195871822032938
hit_by_pitch,0.5130403354850273
home_run,2.121820742573562
single,0.6259905813612983
triple,1.3864147354617822
walk,0.3331464229150354
