events,coef
double,1.0220848205145707
hit_by_pitch,0.5139892363417377
home_run,2.1413256336370052
single,0.6234442635395184
triple,1.371101044662156
walk,0.3280550013050119
