events,coef
double,1.0727064110855336
hit_by_pitch,0.5195134588155708
home_run,1.9443644358078647
single,0.6742343860201856
triple,1.4752334367238842
walk,0.31394787154696113
