events,coef
double,1.0656832456041838
hit_by_pitch,0.5251775466825447
home_run,1.9348979122601802
single,0.677032523819365
triple,1.4815895606580194
walk,0.31561921097570667
