events,coef
double,1.0765551135033145
hit_by_pitch,0.524310417819148
home_run,1.9568197117730877
single,0.6736352388206804
triple,1.4508049946453818
walk,0.31787452343838657
