events,coef
double,1.0762799221505168
hit_by_pitch,0.5246777889446073
home_run,1.9545473198904793
single,0.6736344125695498
triple,1.4519843740840288
walk,0.31887618236081794
