events,coef
double,1.0218661589327265
hit_by_pitch,0.5140103292246802
home_run,2.1421353471693285
single,0.6234210149316154
triple,1.3706813594819984
walk,0.3278857902596503
