events,coef
double,1.0177500485919795
hit_by_pitch,0.5115658906606426
home_run,2.1352801972297697
single,0.6217575465453559
triple,1.3863013751613569
walk,0.3273449418108954
