events,coef
double,1.018723479559183
hit_by_pitch,0.5119488518245922
home_run,2.122042155465723
single,0.6260493596466545
triple,1.3876596494667326
walk,0.3335765040371152
