events,coef
double,1.0195190010705832
hit_by_pitch,0.5131383037432052
home_run,2.1214196796492715
single,0.6260349304329995
triple,1.3866852705255006
walk,0.33320281457843925
