events,coef
double,1.017254096114853
hit_by_pitch,0.5107298673053285
home_run,2.130221977881815
single,0.6221681549930101
triple,1.3895008455573574
walk,0.3301250581476353
