events,coef
double,1.0179853638265401
hit_by_pitch,0.512540565267928
home_run,2.123630694278325
single,0.6248542641908258
triple,1.3877702883318548
walk,0.33321882410452636
