events,coef
double,1.0221837596081587
hit_by_pitch,0.5133754409471826
home_run,2.1411730270764044
single,0.6231303691445411
triple,1.3725682727323953
walk,0.3275691304913191
