events,coef
double,1.0635504231154433
hit_by_pitch,0.522878804936232
home_run,1.9327378457619973
single,0.6709526028973042
triple,1.492845848618508
walk,0.3170344746705149
