events,coef
double,1.0765362879374698
hit_by_pitch,0.524035662359867
home_run,1.9557725583378618
single,0.673499608920729
triple,1.4523734165484532
walk,0.31778246589561926
