events,coef
double,1.0797635080828856
hit_by_pitch,0.5268479128900131
home_run,1.9506873324696703
single,0.6747638608979671
triple,1.4481751944675916
walk,0.31976219119187166
