events,coef
double,1.0220409438851494
hit_by_pitch,0.5137253871187482
home_run,2.140160925363418
single,0.6237231744841631
triple,1.3724240996325414
walk,0.32792546951597934
