events,coef
double,1.0764134683029447
hit_by_pitch,0.5247436644864373
home_run,1.953694069494196
single,0.6745183946558206
triple,1.451216433171842
walk,0.31941396988875936
