events,coef
double,1.064052093502891
hit_by_pitch,0.5241135705156672
home_run,1.9347768988097123
single,0.6732210833943877
triple,1.4868078949269035
walk,0.31702845885043873
