events,coef
double,1.0770624796145745
hit_by_pitch,0.5252115069009858
home_run,1.9531184663519399
single,0.6744186861004033
triple,1.4508363708706644
walk,0.31935249016143225
