events,coef
double,1.0724218240580283
hit_by_pitch,0.519450823197913
home_run,1.9422510708092322
single,0.6741146408854737
triple,1.4777451286317265
walk,0.31401651241762607
