events,coef
double,1.0223770491656952
hit_by_pitch,0.5128473502786627
home_run,2.1397399538238306
single,0.6231773820481005
triple,1.3746650245571395
walk,0.3271932401265723
