events,coef
double,1.0224642974742972
hit_by_pitch,0.5149936855412686
home_run,2.1399917290068107
single,0.6237077075799768
triple,1.3701734198951094
walk,0.3286691605025363
