events,coef
double,1.0214460677977713
hit_by_pitch,0.5159255504831208
home_run,2.1393988544005804
single,0.6249205134115343
triple,1.3679782589851492
walk,0.33033075492184516
