events,coef
double,1.0125870901194765
hit_by_pitch,0.5167458033172299
home_run,2.1319128288243157
single,0.6243166787929301
triple,1.3869571685371194
walk,0.32748043040892827
