events,coef
double,1.0235720552546652
hit_by_pitch,0.5136266465972368
home_run,2.1381450934959867
single,0.6235672112367422
triple,1.3734427685145179
walk,0.3276462249008514
