events,coef
double,1.0778482080811653
hit_by_pitch,0.5259073728252492
home_run,1.952848484524674
single,0.6747089066563138
triple,1.4491322554007782
walk,0.3195547725118189
