events,coef
double,1.0764930366613268
hit_by_pitch,0.5241829770430496
home_run,1.9570341391724262
single,0.673645449395876
triple,1.4508008741850646
walk,0.31784352354225626
