events,coef
double,1.0127055936093692
hit_by_pitch,0.515617651374969
home_run,2.1251331036462773
single,0.6248636248265411
triple,1.3926763616451379
walk,0.3290036648977047
