events,coef
double,1.0193134234288792
hit_by_pitch,0.5129024827836967
home_run,2.1233970971822145
single,0.6258868138496332
triple,1.3849224219751004
walk,0.33357776078047613
