events,coef
double,1.0762943357109442
hit_by_pitch,0.5247128668220532
home_run,1.948398145562975
single,0.6756196038837261
triple,1.4588357061155435
walk,0.3161393419047583
