events,coef
double,1.0224879966564309
hit_by_pitch,0.513420596123659
home_run,2.1384872110932673
single,0.623375005783139
triple,1.3747452452638835
walk,0.3274839450796204
