events,coef
double,1.0807595639849474
hit_by_pitch,0.5248909212420636
home_run,1.9472385275915496
single,0.6712721579025335
triple,1.4609195248597437
walk,0.3149193044191623
