events,coef
double,1.0131427134613809
hit_by_pitch,0.5161154276308961
home_run,2.132262582400217
single,0.6243498844826478
triple,1.3866791224991313
walk,0.32745026952572726
