events,coef
double,1.0641752181452304
hit_by_pitch,0.5246156970759738
home_run,1.9333287667177346
single,0.6740058185297553
triple,1.4869585030735435
walk,0.31691599645776297
