events,coef
double,1.0222496734993078
hit_by_pitch,0.5158011623849141
home_run,2.1403776555580225
single,0.6247513158566096
triple,1.3666652865697746
walk,0.33015490613137194
