events,coef
double,1.0129112277213108
hit_by_pitch,0.5133890964914742
home_run,2.131347375086739
single,0.6229375681980998
triple,1.3933012721542215
walk,0.32611346034815414
