events,coef
double,1.063736034719134
hit_by_pitch,0.5214127685688122
home_run,1.9304397618822104
single,0.6775763355099566
triple,1.4893104898458116
walk,0.3175246094740748
