events,coef
double,1.076325502540713
hit_by_pitch,0.5249726589247363
home_run,1.9531156683819288
single,0.674264616829471
triple,1.4520959025046802
walk,0.3192256508184701
