events,coef
double,1.0197335428435865
hit_by_pitch,0.5130427635972059
home_run,2.122493474067846
single,0.6259916642579043
triple,1.3852471681745524
walk,0.3334913870589055
