events,coef
double,1.0569305515226879
hit_by_pitch,0.527714389620068
home_run,1.9336522624344024
single,0.6780658008702437
triple,1.4851767180515119
walk,0.3184602775010862
