events,coef
double,1.0176453095064908
hit_by_pitch,0.5105096011516606
home_run,2.130771021450342
single,0.6222632738474559
triple,1.3887329627983154
walk,0.33007783124573653
