events,coef
double,1.022679717062796
hit_by_pitch,0.5135431137337774
home_run,2.138484679319659
single,0.6235277437266298
triple,1.374026749671079
walk,0.32773799648605906
