events,coef
double,1.0182816501033265
hit_by_pitch,0.5124562025068178
home_run,2.1239584140426673
single,0.6249734336158821
triple,1.3873095141055987
walk,0.33302078562570747
