events,coef
double,1.0798727731219797
hit_by_pitch,0.5263278311224905
home_run,1.948228608459274
single,0.6720688558167889
triple,1.4569345729022343
walk,0.3165673585772335
