events,coef
double,1.0232860317987786
hit_by_pitch,0.5138205371137816
home_run,2.1387132598616976
single,0.6234465683113525
triple,1.3733211583814755
walk,0.3274124445329147
