events,coef
double,1.0733582080414399
hit_by_pitch,0.5220736283777366
home_run,1.9457641483583392
single,0.675818210132968
triple,1.46824652998157
walk,0.314739275107947
