events,coef
double,1.018477045339236
hit_by_pitch,0.5179611103624677
home_run,2.13353472488634
single,0.625486493646123
triple,1.3742546617558495
walk,0.3302859640099842
