events,coef
double,1.0765349487633822
hit_by_pitch,0.5234342139218177
home_run,1.95906315910098
single,0.6736430443275514
triple,1.4490807269523442
walk,0.3182439069339246
