events,coef
double,1.0193083683866877
hit_by_pitch,0.5124931420348138
home_run,2.1200573176604323
single,0.6263233180609808
triple,1.3881695356569763
walk,0.3336483182001087
