events,coef
double,1.0120508988659398
hit_by_pitch,0.5148061641487338
home_run,2.1307583509782457
single,0.6237431853997382
triple,1.3911228307870362
walk,0.32751856982030547
