events,coef
double,1.021930538501283
hit_by_pitch,0.5139594079399856
home_run,2.1410590564682397
single,0.6233478823877744
triple,1.37176186112724
walk,0.3279412535754765
