events,coef
double,1.0795582392754373
hit_by_pitch,0.5273062910910652
home_run,1.9499930185684116
single,0.6738835856395281
triple,1.4501838230562087
walk,0.3190750423693497
