events,coef
double,1.0181051940821428
hit_by_pitch,0.5122720989309507
home_run,2.1257442026591153
single,0.6249872640999655
triple,1.3858853669293212
walk,0.33300587329850456
