events,coef
double,1.022263847732238
hit_by_pitch,0.5129471181366004
home_run,2.141196935962752
single,0.6235988048780575
triple,1.371900318351447
walk,0.328092974938905
