events,coef
double,1.064371478819161
hit_by_pitch,0.5199965137505568
home_run,1.9297592397959695
single,0.6761917215732808
triple,1.491675330747645
walk,0.3180057153133872
