events,coef
double,1.0224311009703813
hit_by_pitch,0.512905928949475
home_run,2.139604413657149
single,0.6235202279813046
triple,1.3736228037486578
walk,0.3279155246930327
