events,coef
double,1.0225119302204853
hit_by_pitch,0.5148806061132871
home_run,2.1397655715791575
single,0.6236241193050247
triple,1.3709142203983902
walk,0.32830355238365516
