events,coef
double,1.06679363810835
hit_by_pitch,0.5262542847357465
home_run,1.9369155043590955
single,0.6746264475355757
triple,1.4776405905514185
walk,0.31776953470981323
