events,coef
double,1.013502040043825
hit_by_pitch,0.5138472392889957
home_run,2.1288216509357856
single,0.6235047025397535
triple,1.3932434402567095
walk,0.32708092693493024
