events,coef
double,1.0786886646202987
hit_by_pitch,0.5229526140341928
home_run,1.9550730816858286
single,0.6725276603498889
triple,1.455907359768755
walk,0.3148506195410361
