events,coef
double,1.012820223077994
hit_by_pitch,0.5153827035895465
home_run,2.1270677697631157
single,0.6248282220033557
triple,1.3909503766754114
walk,0.3289507048905772
