events,coef
double,1.0222421380983715
hit_by_pitch,0.5132761225623428
home_run,2.140694987253017
single,0.623554986019404
triple,1.3723469405311621
walk,0.32788482553570253
