events,coef
double,1.0134273261858993
hit_by_pitch,0.5157792601723312
home_run,2.132452132282854
single,0.6242234502813494
triple,1.3868326519511225
walk,0.3272851791264443
