events,coef
double,1.019654862826686
hit_by_pitch,0.5132885190981771
home_run,2.122520323856405
single,0.6258694737447594
triple,1.3851263773633347
walk,0.33354044311063774
