events,coef
double,1.0716380550949522
hit_by_pitch,0.5205391893206261
home_run,1.942496808535256
single,0.6726289262403131
triple,1.479038579570735
walk,0.31365844123811737
