events,coef
double,1.0778685596092212
hit_by_pitch,0.524446270063939
home_run,1.9523580148012614
single,0.6741814174239893
triple,1.4519066485479197
walk,0.31923908955366953
