events,coef
double,1.0742607684396246
hit_by_pitch,0.5189228354653126
home_run,1.9440198962447766
single,0.6738331109299137
triple,1.4758695095766845
walk,0.31309387934368904
