events,coef
double,1.0220612583946702
hit_by_pitch,0.5147593659977847
home_run,2.140436945683393
single,0.6234175494479106
triple,1.370994236114396
walk,0.3283306443618452
