events,coef
double,1.0723478212396536
hit_by_pitch,0.5221722889328014
home_run,1.9444411966256923
single,0.675328129510826
triple,1.4706102201619446
walk,0.31510034352908284
