events,coef
double,1.0801958055741798
hit_by_pitch,0.5260555508955649
home_run,1.952236282205445
single,0.6728596432889283
triple,1.453195675784486
walk,0.3154570422513949
