events,coef
double,1.0221800490878525
hit_by_pitch,0.5130752235236863
home_run,2.1400228682673066
single,0.6234922110333863
triple,1.373392467922278
walk,0.3278371801654908
