events,coef
double,1.0226072256012069
hit_by_pitch,0.513622598374813
home_run,2.1416903152789835
single,0.6235952904607852
triple,1.3703137540433517
walk,0.3281708162408596
