events,coef
double,1.0744121628160606
hit_by_pitch,0.5266222997955937
home_run,1.9507564376870834
single,0.6754311225313029
triple,1.4522014957299325
walk,0.3205764814400269
