events,coef
double,1.0215753615514689
hit_by_pitch,0.5157657979169755
home_run,2.1401576114519356
single,0.624676843781779
triple,1.367763136486287
walk,0.3300612488115556
