events,coef
double,1.0230148935676828
hit_by_pitch,0.513400670713593
home_run,2.1409398193061464
single,0.6235161806301899
triple,1.3711102725909325
walk,0.3280181631914544
