events,coef
double,1.1072649235408432
hit_by_pitch,0.5478811736222677
home_run,1.9061071175615971
single,0.7044541456386708
triple,1.4020570653532856
walk,0.33223557428333556
