events,coef
double,1.022406323818963
hit_by_pitch,0.5131804161761365
home_run,2.139162460355789
single,0.6232564520783147
triple,1.3747387589557933
walk,0.32725558861500353
