events,coef
double,1.018458038893159
hit_by_pitch,0.5119106574582237
home_run,2.1260809172666275
single,0.6251032641947953
triple,1.385311470235349
walk,0.33313565195184613
