events,coef
double,1.0178660540957294
hit_by_pitch,0.5110398321609645
home_run,2.135697572278956
single,0.6213864428944431
triple,1.3870030272691731
walk,0.32700707130073325
