events,coef
double,1.019448227562631
hit_by_pitch,0.5131414990182077
home_run,2.123646047565536
single,0.6258942477711149
triple,1.3844030782969392
walk,0.3334668997855712
