events,coef
double,1.0135947136413583
hit_by_pitch,0.514886262761362
home_run,2.1256099177224383
single,0.624462290131515
triple,1.39260276511858
walk,0.32884405062474775
