events,coef
double,1.013404252348274
hit_by_pitch,0.5154655556371327
home_run,2.1241516984836624
single,0.6252716775843734
triple,1.3924807828512613
walk,0.32922603309529674
