events,coef
double,1.0224575802525928
hit_by_pitch,0.5128861417047826
home_run,2.1398579519064627
single,0.6234321598266448
triple,1.3735767573314168
walk,0.32778940897810016
