events,coef
double,1.0173120604001897
hit_by_pitch,0.5106452873929949
home_run,2.1302049540524504
single,0.6222140794471789
triple,1.389470156764229
walk,0.33015346194295797
