events,coef
double,1.0150018246391446
hit_by_pitch,0.5143093116108869
home_run,2.1377653503245218
single,0.623242131498589
triple,1.3807884276073785
walk,0.32889295431947824
