events,coef
double,1.0732282493034737
hit_by_pitch,0.5237063089365828
home_run,1.9438194244818234
single,0.675563820840972
triple,1.468555819155816
walk,0.3151263772813318
