events,coef
double,1.0764777872526459
hit_by_pitch,0.524366771487266
home_run,1.9570721512037614
single,0.673661459005811
triple,1.4504525630937426
walk,0.31796926795677266
