events,coef
double,1.0222228312099653
hit_by_pitch,0.5140755992487012
home_run,2.1416319977610634
single,0.6232565020597963
triple,1.3712071446303904
walk,0.3276059250900837
