events,coef
double,1.0194557570047076
hit_by_pitch,0.5193475030150683
home_run,2.1343840279084634
single,0.6268636117137464
triple,1.369198543838418
walk,0.3307505565195966
