events,coef
double,1.0183300631987309
hit_by_pitch,0.5111188247937231
home_run,2.1179318793894972
single,0.6248545341944467
triple,1.3947296381812377
walk,0.3330350602423648
