events,coef
double,1.0735481938610325
hit_by_pitch,0.5211439787120412
home_run,1.943854238193951
single,0.6745795820489179
triple,1.4731911057581508
walk,0.31368290142590644
