events,coef
double,1.0197062142340307
hit_by_pitch,0.5129886162928562
home_run,2.1229866867481557
single,0.6260028384486748
triple,1.3849182914446398
walk,0.3333973528316441
