events,coef
double,1.0764100503397758
hit_by_pitch,0.527196505924986
home_run,1.9506211127129456
single,0.6744299119930706
triple,1.4507802395449219
walk,0.32056217948430094
