events,coef
double,1.0655814307031355
hit_by_pitch,0.5244644676873272
home_run,1.9280242615607222
single,0.6728320338808303
triple,1.4919990802282628
walk,0.3170987259397219
