events,coef
double,1.0600422931003979
hit_by_pitch,0.5275680291091558
home_run,1.9315977067746335
single,0.6774846282458913
triple,1.4858068742394137
walk,0.3175004685305079
