events,coef
double,1.0763728301906654
hit_by_pitch,0.5242615690705005
home_run,1.9532016976411046
single,0.6739256403841568
triple,1.4577440568575064
walk,0.3144942058560664
