events,coef
double,1.0191614777829214
hit_by_pitch,0.5190394608683215
home_run,2.1343237641757455
single,0.6268575700512963
triple,1.3700822548971838
walk,0.33053547222453233
