events,coef
double,1.0765350507283036
hit_by_pitch,0.5234348638424121
home_run,1.9590625084027637
single,0.6736427809458005
triple,1.4490806227601185
walk,0.3182441733206022
