events,coef
double,1.0730898341507875
hit_by_pitch,0.5227653248653482
home_run,1.9462966887477786
single,0.6772086462726866
triple,1.465929791082355
walk,0.31470971488104404
