events,coef
double,1.0226824868742497
hit_by_pitch,0.5134834784316754
home_run,2.141879349638926
single,0.6235700944307053
triple,1.3702444718521043
walk,0.3281401187723381
