events,coef
double,1.0696876014102288
hit_by_pitch,0.5203960728098933
home_run,1.942289304358601
single,0.672835344163828
triple,1.4808296162209265
walk,0.31396206103652224
