events,coef
double,1.0224800505949707
hit_by_pitch,0.5128795179502083
home_run,2.139402162852094
single,0.6233601959547195
triple,1.3741510009856075
walk,0.3277270716624002
