events,coef
double,1.0764155536713504
hit_by_pitch,0.5242404152244814
home_run,1.9572866149003174
single,0.6736713467247265
triple,1.4504477285255915
walk,0.317938340953533
