events,coef
double,1.0124179308562267
hit_by_pitch,0.5151519185131478
home_run,2.129446442735969
single,0.6237860286835893
triple,1.391506510855338
walk,0.32769116835573003
