events,coef
double,1.018522446715687
hit_by_pitch,0.5122396518973659
home_run,2.120898252188656
single,0.626081180460683
triple,1.388699086031275
walk,0.33355938270633373
