events,coef
double,1.0220781933185534
hit_by_pitch,0.5132715045021395
home_run,2.141165750478709
single,0.6235944877889922
triple,1.371919524198355
walk,0.3279705397132504
