events,coef
double,1.0791368158991779
hit_by_pitch,0.5220965106371602
home_run,1.955572619831422
single,0.6736752857917356
triple,1.455298576196635
walk,0.3142201916438695
