events,coef
double,1.022187621799002
hit_by_pitch,0.5131872090664266
home_run,2.139860041808075
single,0.6234952039551728
triple,1.3734281910411203
walk,0.32784173233020386
