events,coef
double,1.0222559545524261
hit_by_pitch,0.5131705768309274
home_run,2.1400002458617555
single,0.6234825277017259
triple,1.373311556634092
walk,0.3277791384190725
