events,coef
double,1.0730321213112768
hit_by_pitch,0.5235803448335227
home_run,1.9444463797303504
single,0.6763278918194151
triple,1.4683326513560022
walk,0.31428061094943077
