events,coef
double,1.0192123605725418
hit_by_pitch,0.5125316449461823
home_run,2.1229247233242
single,0.62551290985438
triple,1.3867618396861014
walk,0.3330565216165947
