events,coef
double,1.0193628336393414
hit_by_pitch,0.5131671798251706
home_run,2.1217757205101253
single,0.6258507340904039
triple,1.3866586115939454
walk,0.3331849203410133
