events,coef
double,1.0223943709394228
hit_by_pitch,0.5149930801295978
home_run,2.1398419480598165
single,0.6236328903641132
triple,1.3704383882234599
walk,0.3286993222835906
