events,coef
double,1.0172551901819922
hit_by_pitch,0.5142283152333282
home_run,2.133847516991358
single,0.623739269024944
triple,1.384715758500469
walk,0.326213950067908
