events,coef
double,1.0748313228660284
hit_by_pitch,0.5244839669769341
home_run,1.9485495936909016
single,0.674883511428186
triple,1.4608950520683486
walk,0.31635655296960014
