events,coef
double,1.022218779223607
hit_by_pitch,0.512929305402163
home_run,2.1394059185291954
single,0.6234737737453148
triple,1.374138960038635
walk,0.3278332630610857
