events,coef
double,1.013854690592393
hit_by_pitch,0.5144554308487612
home_run,2.125731596506282
single,0.6240696562828191
triple,1.393452888863555
walk,0.3284357369061896
