events,coef
double,1.0135951502859486
hit_by_pitch,0.514886484568262
home_run,2.12561083341
single,0.6244599744135754
triple,1.392603365035347
walk,0.3288441922868676
