events,coef
double,1.0231552867551412
hit_by_pitch,0.5137005421400409
home_run,2.1395487284398675
single,0.6233660201604204
triple,1.372931502042799
walk,0.32729792046173095
