events,coef
double,1.0124842562740937
hit_by_pitch,0.5139118769729528
home_run,2.13003999286891
single,0.6230454996472312
triple,1.3939705574747903
walk,0.3265478167620224
