events,coef
double,1.0699399103391045
hit_by_pitch,0.5217266070642428
home_run,1.9431750322966095
single,0.6735585845091384
triple,1.4774594478180185
walk,0.3141404179728868
