events,coef
double,1.0765349918704434
hit_by_pitch,0.5234348352244345
home_run,1.9590629111311602
single,0.6736428515880714
triple,1.4490805435339154
walk,0.3182438666519746
