events,coef
double,1.022518373360637
hit_by_pitch,0.5131319239788709
home_run,2.1401019948730893
single,0.6236836554645304
triple,1.3726040593380542
walk,0.32795999298481804
