events,coef
double,1.012212173746174
hit_by_pitch,0.5169116183991277
home_run,2.1320546074325883
single,0.6243981774518274
triple,1.3867687178227117
walk,0.32765470514757217
