events,coef
double,1.075683275315492
hit_by_pitch,0.5248163838600454
home_run,1.9533212091391627
single,0.6742480066168696
triple,1.4527798218054238
walk,0.31915130326300656
