events,coef
double,1.0177228727705958
hit_by_pitch,0.5198119607130052
home_run,2.1346412352092856
single,0.6271177618736078
triple,1.3698912565651182
walk,0.33081491286838766
