events,coef
double,1.0223387333500684
hit_by_pitch,0.51517108718948
home_run,2.139312916534879
single,0.6238167130655755
triple,1.3703340908509292
walk,0.3290264590090691
