events,coef
double,1.016390584031757
hit_by_pitch,0.510171314811588
home_run,2.1313780108199727
single,0.6214033406233553
triple,1.391306354926503
walk,0.32935039478682354
