events,coef
double,1.0215869983910983
hit_by_pitch,0.515589833369787
home_run,2.1396637616279444
single,0.6248298323159931
triple,1.368139971549134
walk,0.33018960274604386
