events,coef
double,1.0639491176821578
hit_by_pitch,0.52607522793737
home_run,1.9347090109770058
single,0.6757338052056109
triple,1.4821658270105376
walk,0.3173670111873171
