events,coef
double,1.0796216745261296
hit_by_pitch,0.5258147245980981
home_run,1.946961506329944
single,0.671399045314949
triple,1.4602265880390584
walk,0.31597646119182143
