events,coef
double,1.0137232665859646
hit_by_pitch,0.5149655236724265
home_run,2.130661326942863
single,0.6238091821764521
triple,1.3893565529794412
walk,0.3274841476428536
