events,coef
double,1.0196483880944363
hit_by_pitch,0.5180430261421599
home_run,2.1340849382370326
single,0.6255265253402837
triple,1.3720843359032309
walk,0.33061278628285623
