events,coef
double,1.0125947863481402
hit_by_pitch,0.5166044092641784
home_run,2.1317078982457436
single,0.6245147254870388
triple,1.3868302774882317
walk,0.327747903166667
