events,coef
double,1.067363434908769
hit_by_pitch,0.5230038374471319
home_run,1.926286366323519
single,0.6756759398538387
triple,1.4887787621817594
walk,0.3188916592849813
