events,coef
double,1.0745474121730592
hit_by_pitch,0.5232738278510031
home_run,1.9423789119585535
single,0.6760191865933758
triple,1.4694212062112018
walk,0.314359455212808
