events,coef
double,1.0131960606851844
hit_by_pitch,0.5168736487114249
home_run,2.1307373258742204
single,0.6243377949434195
triple,1.387377852533419
walk,0.32747731725233226
