events,coef
double,1.0798770477348039
hit_by_pitch,0.526768228552369
home_run,1.9510829262316263
single,0.6744851892985494
triple,1.4483836543936905
walk,0.31940295378896166
