events,coef
double,1.0227195821342774
hit_by_pitch,0.5154236590527912
home_run,2.139535891264471
single,0.6241034247475649
triple,1.368579020700334
walk,0.3296384221005623
