events,coef
double,1.012256777201184
hit_by_pitch,0.514759600762479
home_run,2.1285563974361783
single,0.6239930761775606
triple,1.3929057835668652
walk,0.3275283648557345
