events,coef
double,1.0801647399831813
hit_by_pitch,0.5247712111192614
home_run,1.9543203247430714
single,0.674635678533489
triple,1.4468094646563672
walk,0.31929858096462976
