events,coef
double,1.0138479741999578
hit_by_pitch,0.5156327246390567
home_run,2.13083674351932
single,0.6240091695678954
triple,1.3878239226212845
walk,0.32784946545248533
