events,coef
double,1.0652459248103223
hit_by_pitch,0.5240085343098408
home_run,1.9347472571026079
single,0.6746689025853192
triple,1.4867958217886907
walk,0.3145335594032194
