events,coef
double,1.076390125686334
hit_by_pitch,0.5248050651607011
home_run,1.9545002170700487
single,0.6737178026601288
triple,1.451707566603292
walk,0.31887922281949527
