events,coef
double,1.0645737017674237
hit_by_pitch,0.5225994893244895
home_run,1.9287992887571448
single,0.6726678174102422
triple,1.495118200447395
walk,0.3162415022933049
