events,coef
double,1.0204175157748347
hit_by_pitch,0.5175183803648168
home_run,2.1345903927564973
single,0.624792580347748
triple,1.3722184252160157
walk,0.33046270554008716
