events,coef
double,1.0190073907055999
hit_by_pitch,0.5120754566610878
home_run,2.126213654975683
single,0.6252338992207447
triple,1.384099853551617
walk,0.3333697448852676
