events,coef
double,1.0232296908404552
hit_by_pitch,0.5136422221745633
home_run,2.1395601090766814
single,0.6233442861241761
triple,1.3729422088188359
walk,0.3272814829652882
