events,coef
double,1.0655274588912445
hit_by_pitch,0.5231445250810518
home_run,1.9256291177258857
single,0.6757379799964955
triple,1.4906054096057852
walk,0.31935550869953705
