events,coef
double,1.0656923629469908
hit_by_pitch,0.5259903928122689
home_run,1.9338816157737144
single,0.6770066975766428
triple,1.4810717489117196
walk,0.316357181978664
