events,coef
double,1.074147464429068
hit_by_pitch,0.525878286690252
home_run,1.947917633306043
single,0.6746981184774116
triple,1.4569717540381548
walk,0.32038674305906933
