events,coef
double,1.0223896672796138
hit_by_pitch,0.5132554463411005
home_run,2.1399205178449416
single,0.6236789934658721
triple,1.372833083996787
walk,0.3279222910716852
