events,coef
double,1.0226755587595457
hit_by_pitch,0.5139705077489669
home_run,2.1409602735323188
single,0.6233837053529395
triple,1.3713494634312606
walk,0.3276604911749683
