events,coef
double,1.0223845501155797
hit_by_pitch,0.5150818648992491
home_run,2.139956349782252
single,0.6237272504436218
triple,1.370177245890745
walk,0.328672738868551
