events,coef
double,1.0147062726497686
hit_by_pitch,0.5144555597499759
home_run,2.1354169369497944
single,0.6237739122360082
triple,1.3848442445061562
walk,0.32680307390829577
