events,coef
double,1.0731463912819854
hit_by_pitch,0.5240881614131708
home_run,1.9453840993717713
single,0.6757866488209605
triple,1.4662480290819828
walk,0.31534667003012873
