events,coef
double,1.076839763432467
hit_by_pitch,0.5249814847010275
home_run,1.9533943918020675
single,0.6742436955047485
triple,1.4513183070987867
walk,0.3192223574609025
