events,coef
double,1.0686731385949948
hit_by_pitch,0.5222979056787547
home_run,1.9315167301589913
single,0.6758691240676684
triple,1.4824286673461136
walk,0.31921443415347717
