events,coef
double,1.0651032122470359
hit_by_pitch,0.523683287399078
home_run,1.92395385289064
single,0.6765954593568095
triple,1.4912466053498985
walk,0.3194175827565382
