events,coef
double,1.0799786697348273
hit_by_pitch,0.5265273689689816
home_run,1.9480160734185958
single,0.6724902219024508
triple,1.4563413732006065
walk,0.3166462927745381
