events,coef
double,1.0132760204132187
hit_by_pitch,0.5148106095750238
home_run,2.1260917572955886
single,0.6245362271645178
triple,1.3925562188251712
walk,0.3287291667264794
