events,coef
double,1.0642918847278253
hit_by_pitch,0.5255740449974771
home_run,1.927930232018423
single,0.6735225396270812
triple,1.4905991040462845
walk,0.3180821945829101
