events,coef
double,1.0125337640034973
hit_by_pitch,0.5149616250686728
home_run,2.129064596360638
single,0.6238528345035814
triple,1.3919333884951106
walk,0.3276537915685006
