events,coef
double,1.0637917122147795
hit_by_pitch,0.5253594032363282
home_run,1.9312550529206731
single,0.6744085909281295
triple,1.487510387210213
walk,0.31767485348987673
