events,coef
double,1.0737327723542385
hit_by_pitch,0.5235308328713613
home_run,1.9445270525388492
single,0.6767279535319362
triple,1.4670131350913105
walk,0.314468253612305
