events,coef
double,1.0226966459474662
hit_by_pitch,0.5158560753510908
home_run,2.138186632360013
single,0.6244350238958082
triple,1.3687800015972336
walk,0.3300456208483879
