events,coef
double,1.0655144312494573
hit_by_pitch,0.5258568785226994
home_run,1.9289623233921456
single,0.6732488139053221
triple,1.4884951731863179
walk,0.317922379744059
