events,coef
double,1.072842969346837
hit_by_pitch,0.5250156175966183
home_run,1.94889512701011
single,0.6748533407855439
triple,1.4622363768425937
walk,0.3161565684182963
