events,coef
double,1.0673244608872268
hit_by_pitch,0.5247901976585577
home_run,1.9324002013715937
single,0.673618244265091
triple,1.485255681633667
walk,0.31661121418386423
