events,coef
double,1.0705728019917138
hit_by_pitch,0.5196862935040318
home_run,1.9416994977134476
single,0.6731215447763705
triple,1.481275006552907
walk,0.3136448554615307
