events,coef
double,1.021830256608025
hit_by_pitch,0.5133999757351737
home_run,2.1407543289223905
single,0.6236195184279681
triple,1.3724774981992602
walk,0.32791842210718236
