events,coef
double,1.0218422496629402
hit_by_pitch,0.5158333040967554
home_run,2.1394744517945536
single,0.6243594265043184
triple,1.3684877564609381
walk,0.330002811480495
