events,coef
double,1.0671478057551431
hit_by_pitch,0.5233417469465054
home_run,1.9273187655591582
single,0.6767654696564294
triple,1.4866523992284455
walk,0.3187738128543188
