events,coef
double,1.0130666526381495
hit_by_pitch,0.515081029542315
home_run,2.1297386468647597
single,0.6238203310785199
triple,1.3906979909409223
walk,0.32759534893533343
