events,coef
double,1.0691762191389014
hit_by_pitch,0.5266234959653135
home_run,1.9380227793839222
single,0.6791098034975546
triple,1.470750335893849
walk,0.3163173661204596
