events,coef
double,1.0185102037039369
hit_by_pitch,0.5122098244110054
home_run,2.1258343881319615
single,0.6252540309397877
triple,1.3849586737335695
walk,0.3332328790797397
