events,coef
double,1.068990338595465
hit_by_pitch,0.5229677240699487
home_run,1.9284768055649482
single,0.6722890545264397
triple,1.489379494518302
walk,0.3178965827248959
