events,coef
double,1.0741827957264098
hit_by_pitch,0.5271194603800139
home_run,1.9478061434547358
single,0.6747560232182342
triple,1.4600493327887571
walk,0.31608624443184935
