events,coef
double,1.0592940304921021
hit_by_pitch,0.5240157266819966
home_run,1.9328719681574662
single,0.6761245782315143
triple,1.4906129288994205
walk,0.31708076753749903
