events,coef
double,1.0809381810636383
hit_by_pitch,0.5260385846965582
home_run,1.9473230426273052
single,0.6713434284231179
triple,1.458471403860352
walk,0.31588535932902884
