events,coef
double,1.0655305502623809
hit_by_pitch,0.5250796845048099
home_run,1.9324851198780786
single,0.6754661509049442
triple,1.4845088498628407
walk,0.31692964458694456
