events,coef
double,1.0169529082528195
hit_by_pitch,0.5108928436068472
home_run,2.126954966914996
single,0.623371612829729
triple,1.390528299667951
walk,0.3312993687276581
