events,coef
double,1.0195617020604262
hit_by_pitch,0.5123894570026977
home_run,2.12035887941813
single,0.6265724374349376
triple,1.387426635022179
walk,0.3336908890616303
