events,coef
double,1.0796534703694376
hit_by_pitch,0.5247720413537825
home_run,1.953118925785402
single,0.674871869161531
triple,1.4480707917202222
walk,0.3195129016096245
