events,coef
double,1.0201425383132015
hit_by_pitch,0.5169256233241196
home_run,2.1359985386088565
single,0.6244881229213699
triple,1.3726384168616907
walk,0.3298067599707619
