events,coef
double,1.0194749773499878
hit_by_pitch,0.5176625929805914
home_run,2.1350836662277564
single,0.6250644230865046
triple,1.3720407106149173
walk,0.3306736297402434
