events,coef
double,1.074361714229112
hit_by_pitch,0.5235228703727893
home_run,1.9471630728114089
single,0.6764719996477216
triple,1.462936536354267
walk,0.3155438065847014
