events,coef
double,1.0227122625283929
hit_by_pitch,0.5154156441698929
home_run,2.1391076910889892
single,0.6239405786745984
triple,1.3690293833417382
walk,0.3297944401963879
