events,coef
double,1.0721774038274647
hit_by_pitch,0.5168752855342117
home_run,1.9415519598465674
single,0.6716965066297266
triple,1.4850694160710507
walk,0.31262942809098
