events,coef
double,1.0727257685833136
hit_by_pitch,0.5217586464718219
home_run,1.9444852743723717
single,0.6751820415539694
triple,1.4715066721501529
walk,0.31434159686837104
