events,coef
double,1.0650389146415613
hit_by_pitch,0.5254915250950163
home_run,1.9381308106711401
single,0.6741269773869506
triple,1.4807419622808335
walk,0.3164698099244977
