events,coef
double,1.0134072813472372
hit_by_pitch,0.5153248525231034
home_run,2.1256408390264583
single,0.6244569819535201
triple,1.392160256831107
walk,0.3290097883185736
