events,coef
double,1.0795274032858058
hit_by_pitch,0.5261499310826504
home_run,1.9507715173705653
single,0.6721811326724898
triple,1.456023687840995
walk,0.3153463277474942
