events,coef
double,1.0223716006576333
hit_by_pitch,0.5135266882836074
home_run,2.141404415069486
single,0.6235132738912792
triple,1.3709388250977441
walk,0.3282451970002495
