events,coef
double,1.0761880659268843
hit_by_pitch,0.5244722573858269
home_run,1.9533787632858501
single,0.6741994873958674
triple,1.4523693749410416
walk,0.3193920510645311
