events,coef
double,1.0765766504591987
hit_by_pitch,0.5250132281739565
home_run,1.9539996715245578
single,0.6737906943689814
triple,1.4515863441371686
walk,0.31903341133613666
