events,coef
double,1.0760256086265632
hit_by_pitch,0.5267032104466924
home_run,1.950544294365019
single,0.6756461707138948
triple,1.4507191752686315
walk,0.3203615405791987
