events,coef
double,1.0681904678968108
hit_by_pitch,0.5237104927984
home_run,1.9329194882226868
single,0.6766343462349451
triple,1.4834461465078557
walk,0.3150990583393007
