events,coef
double,1.0223752879306944
hit_by_pitch,0.5134282386561265
home_run,2.139671273120728
single,0.6236361039942309
triple,1.3730239873147987
walk,0.32786510898342175
