events,coef
double,1.0225038738409709
hit_by_pitch,0.5154429937491374
home_run,2.139225987675559
single,0.6241118816621307
triple,1.368867038137
walk,0.3298482249352015
