events,coef
double,1.013511659720659
hit_by_pitch,0.5157386438265411
home_run,2.1242856008411035
single,0.625270593776238
triple,1.3919317135859066
walk,0.32926178824955277
