events,coef
double,1.0630890833316617
hit_by_pitch,0.5252912970604161
home_run,1.9329360769103707
single,0.6751330253553239
triple,1.4863523952228834
walk,0.31719812211934423
