events,coef
double,1.0763444016618737
hit_by_pitch,0.5262894073022971
home_run,1.9517043725168628
single,0.6746892953103164
triple,1.4507129819214553
walk,0.3202595412871939
