events,coef
double,1.013340204035426
hit_by_pitch,0.514304133256329
home_run,2.1282232734330697
single,0.6241917422870025
triple,1.3919472088912546
walk,0.3279934380969183
