events,coef
double,1.0623833159891585
hit_by_pitch,0.521202519916341
home_run,1.9291302522938638
single,0.6772524093433402
triple,1.4924874270144173
walk,0.31754407544287855
