events,coef
double,1.0761244988623184
hit_by_pitch,0.5242620083991189
home_run,1.9516005388544948
single,0.6754737111578801
triple,1.4525745376805292
walk,0.3199647050456593
