events,coef
double,1.0193131721579012
hit_by_pitch,0.5124207138844955
home_run,2.1210096403699885
single,0.626370081451333
triple,1.3873071726739554
walk,0.33357921946232694
