events,coef
double,1.0763157147287534
hit_by_pitch,0.5247704998729552
home_run,1.9540260670033978
single,0.6742458971837844
triple,1.4513172321821535
walk,0.31932458902895533
