events,coef
double,1.0726286077170808
hit_by_pitch,0.5209386561768079
home_run,1.94330662873358
single,0.6754222544652412
triple,1.4739530754270462
walk,0.31375077748024394
