events,coef
double,1.0232510296743085
hit_by_pitch,0.5135296077451436
home_run,2.1392757270552774
single,0.6232936052705609
triple,1.37344321404661
walk,0.3272068162080988
