events,coef
double,1.0728700330000125
hit_by_pitch,0.5217046457863106
home_run,1.9389606177117564
single,0.675057639681252
triple,1.477522172050286
walk,0.31388489177038204
