events,coef
double,1.0126730776845287
hit_by_pitch,0.5152940583982943
home_run,2.1277572825639575
single,0.6235782900651017
triple,1.3931535366263201
walk,0.32754375466179797
