events,coef
double,1.0188421397552039
hit_by_pitch,0.5122909465402582
home_run,2.124993421140934
single,0.6252966962304886
triple,1.384972569173329
walk,0.33360422715978544
