events,coef
double,1.076331139853588
hit_by_pitch,0.5247911993064318
home_run,1.9544880451551498
single,0.6736979598277838
triple,1.4516933534711463
walk,0.318998302385901
