events,coef
double,1.020721826424297
hit_by_pitch,0.5166755723897335
home_run,2.1354830725531206
single,0.623925698199009
triple,1.3733085334748576
walk,0.3298852969589826
