events,coef
double,1.0194762507056108
hit_by_pitch,0.5131510038111836
home_run,2.1229358482586718
single,0.6258430785638693
triple,1.385108716541751
walk,0.3334851021189138
