events,coef
double,1.014177769983577
hit_by_pitch,0.5144689998195124
home_run,2.1249533096410875
single,0.6240635198186554
triple,1.3935845137440726
walk,0.32875188699309654
