events,coef
double,1.0217553425746868
hit_by_pitch,0.5162626168144738
home_run,2.138901157803719
single,0.6245840304274545
triple,1.3684139353136848
walk,0.3300829170659812
