events,coef
double,1.01920812517154
hit_by_pitch,0.5127594408057701
home_run,2.1187272420449497
single,0.6260357453094504
triple,1.3898225473785553
walk,0.3334468992897355
