events,coef
double,1.0227692358482399
hit_by_pitch,0.5136046749953792
home_run,2.1401924516877417
single,0.6233397278630057
triple,1.3722039008258362
walk,0.32789000877979807
