events,coef
double,1.0817354133469441
hit_by_pitch,0.5233857481707497
home_run,1.9508095136632109
single,0.6726135481844536
triple,1.455845756806133
walk,0.3156100198285077
