events,coef
double,1.0156901687208635
hit_by_pitch,0.5138447981091091
home_run,2.1368600402789686
single,0.6227138991673326
triple,1.3827638952694887
walk,0.3281271984542376
