events,coef
double,1.0140126712409105
hit_by_pitch,0.5137264831516654
home_run,2.1248935076003046
single,0.6235767431448619
triple,1.3955199682830055
walk,0.32827062657925205
