events,coef
double,1.078419086941908
hit_by_pitch,0.5249562862563704
home_run,1.9538456265360253
single,0.6744234194712527
triple,1.4491370212485832
walk,0.3192185595458607
