events,coef
double,1.0195613245967896
hit_by_pitch,0.5128970924951746
home_run,2.118972801346501
single,0.6262181129601316
triple,1.3889428275580868
walk,0.3334078410433159
