events,coef
double,1.0720587602335707
hit_by_pitch,0.5181814037238528
home_run,1.942375261078874
single,0.6733797993406104
triple,1.4813678335497462
walk,0.31263694207334547
