events,coef
double,1.017888763591643
hit_by_pitch,0.5195912655567662
home_run,2.134335522346408
single,0.6266027757291616
triple,1.370801326637359
walk,0.3307803461386622
