events,coef
double,1.0125113599480762
hit_by_pitch,0.5154758130569232
home_run,2.1298411625903015
single,0.6241512314573455
triple,1.39016075857227
walk,0.32785967437508406
