events,coef
double,1.0191959489336997
hit_by_pitch,0.5126686774487303
home_run,2.1203399030691124
single,0.6260653307508882
triple,1.3883199413591234
walk,0.3334101984384468
