events,coef
double,1.0136287093259715
hit_by_pitch,0.5161608936495163
home_run,2.130626959178833
single,0.6242685210366671
triple,1.3872588145717506
walk,0.3280561022372615
