events,coef
double,1.0658831936717803
hit_by_pitch,0.5235372165282225
home_run,1.9266991780850133
single,0.6713533875988738
triple,1.4946581006464994
walk,0.31786892346961104
