events,coef
double,1.0207248674100422
hit_by_pitch,0.518510767812772
home_run,2.1353560310855553
single,0.626347864631318
triple,1.368032480867686
walk,0.3310279881926261
