events,coef
double,1.0764768944207117
hit_by_pitch,0.5249994785486997
home_run,1.9534396747349685
single,0.6744441787319816
triple,1.4513850079900912
walk,0.31925476557354776
