events,coef
double,1.012504431406651
hit_by_pitch,0.5131655331433935
home_run,2.1312577868400773
single,0.6227193555763992
triple,1.3942238101000624
walk,0.32612908293341564
