events,coef
double,1.0174537376205428
hit_by_pitch,0.5201450157601101
home_run,2.132195584227593
single,0.6260350672180052
triple,1.3727472428650065
walk,0.33142335230874254
