events,coef
double,1.078824489928291
hit_by_pitch,0.5252793771278961
home_run,1.950115233209476
single,0.6741361931269373
triple,1.4525324520332155
walk,0.31911225457418446
