events,coef
double,1.0135961028641476
hit_by_pitch,0.5148869684593304
home_run,2.1256115003974454
single,0.62445756313671
triple,1.3926033638072475
walk,0.3288445013351186
