events,coef
double,1.0723748775699629
hit_by_pitch,0.521550411331771
home_run,1.9389275556410288
single,0.6745957917792262
triple,1.4770474445465354
walk,0.3155039191314753
