events,coef
double,1.0223336598839725
hit_by_pitch,0.514059741862224
home_run,2.1397417328033383
single,0.6238035019249294
triple,1.3718164222885263
walk,0.32824494123700937
