events,coef
double,1.0769209973095972
hit_by_pitch,0.5275877467002399
home_run,1.950132560457441
single,0.6748676044408056
triple,1.4494661036964775
walk,0.32102498739543867
