events,coef
double,1.0743894540701178
hit_by_pitch,0.5216971020374911
home_run,1.9414702073948293
single,0.6746987232024977
triple,1.4731275155613595
walk,0.31461699773370466
