events,coef
double,1.0221787694410227
hit_by_pitch,0.5135893998609844
home_run,2.1416738793036365
single,0.6230693869160118
triple,1.3719298808644413
walk,0.3275586836139052
