events,coef
double,1.019202584458991
hit_by_pitch,0.5131837887445202
home_run,2.1232868734028507
single,0.6257033706482331
triple,1.3851801765318241
walk,0.3334432062135813
