events,coef
double,1.075539831822707
hit_by_pitch,0.523373171578184
home_run,1.9568790986207145
single,0.6730149495978545
triple,1.4532448943581315
walk,0.3179480540224084
