events,coef
double,1.076714442648077
hit_by_pitch,0.5257204820827583
home_run,1.9539202832552949
single,0.6746931806682114
triple,1.449567363180182
walk,0.3193842481654759
