events,coef
double,1.0791195337490396
hit_by_pitch,0.5257434604171759
home_run,1.9507903739226315
single,0.6726175346381906
triple,1.4560578504741308
walk,0.3156712467988328
