events,coef
double,1.01879085152942
hit_by_pitch,0.5123622458102141
home_run,2.1229826322771888
single,0.6251966935144393
triple,1.386948654903834
walk,0.33371892196490316
