events,coef
double,1.0646904813327402
hit_by_pitch,0.5231694359768483
home_run,1.930428266937561
single,0.6725540075150522
triple,1.4927799154786254
walk,0.31637789275917344
