events,coef
double,1.0125161171713364
hit_by_pitch,0.5167696060614282
home_run,2.1318761390954526
single,0.6243413275102982
triple,1.3869982212683414
walk,0.3274985888931427
