events,coef
double,1.0210604637010041
hit_by_pitch,0.5160578417741137
home_run,2.1384523059060574
single,0.6246109445627078
triple,1.3695782127589982
walk,0.33024023129711894
