events,coef
double,1.0224265393947956
hit_by_pitch,0.5134445240044895
home_run,2.141658781226191
single,0.6234794972752232
triple,1.3708415224642763
walk,0.32814913563502407
