events,coef
double,1.0181581237039499
hit_by_pitch,0.5187804800097163
home_run,2.1333993370610256
single,0.6257484365347857
triple,1.3733944334180357
walk,0.33051918927248636
