events,coef
double,1.012189768798604
hit_by_pitch,0.5147357375622779
home_run,2.128992879979546
single,0.6240169446944345
triple,1.3925385296847872
walk,0.32752613928035135
