events,coef
double,1.0186490908904664
hit_by_pitch,0.5206461437807614
home_run,2.1307182709261587
single,0.6261848480444684
triple,1.372322216994907
walk,0.331479429363239
