events,coef
double,1.0127764925089406
hit_by_pitch,0.5148429172079594
home_run,2.1269915843340295
single,0.624122135715233
triple,1.3931392797761897
walk,0.328127590457648
