events,coef
double,1.0644744270606905
hit_by_pitch,0.525653110537235
home_run,1.9355742308748922
single,0.6746330932446065
triple,1.4826314890011627
walk,0.3170336492814128
