events,coef
double,1.0128888668525526
hit_by_pitch,0.5147761224480014
home_run,2.127158537594135
single,0.6242200729271689
triple,1.3927348398111636
walk,0.3282215603669783
