events,coef
double,1.0135778739864136
hit_by_pitch,0.5148837000072636
home_run,2.125641223893055
single,0.6244539637516907
triple,1.3925945236974342
walk,0.3288487146641422
