events,coef
double,1.0646162678217403
hit_by_pitch,0.5234441372898347
home_run,1.9359679038366964
single,0.6721223861182435
triple,1.4869621989308084
walk,0.31688710600267683
