events,coef
double,1.0166350644434579
hit_by_pitch,0.5145033809917068
home_run,2.132418980182055
single,0.623562593932979
triple,1.3862713873329868
walk,0.32660859311681506
