events,coef
double,1.0680673505466727
hit_by_pitch,0.5246566475358094
home_run,1.9371403877843072
single,0.6752534492714762
triple,1.4783878968973572
walk,0.316494267964377
