events,coef
double,1.022426970653023
hit_by_pitch,0.5152886187002028
home_run,2.139691997614136
single,0.6238571164920059
triple,1.3697128265802092
walk,0.32902246996042295
