events,coef
double,1.0194420326514555
hit_by_pitch,0.5128791813042799
home_run,2.119713357622905
single,0.6258620588839094
triple,1.3889517830947673
walk,0.3331515864426828
