events,coef
double,1.0187712158245497
hit_by_pitch,0.5121448091671595
home_run,2.1262715648325785
single,0.6253028815763695
triple,1.3841305781604947
walk,0.3333789504388478
