events,coef
double,1.0226328405253353
hit_by_pitch,0.5136698710791315
home_run,2.1401536011006526
single,0.6233499477839698
triple,1.3723618913593743
walk,0.3278318481515366
