events,coef
double,1.0805600590025404
hit_by_pitch,0.5241000698150371
home_run,1.9517326953853544
single,0.6728385442725445
triple,1.4552533843070834
walk,0.31551524721743957
