events,coef
double,1.0134697573001763
hit_by_pitch,0.5137937065337116
home_run,2.129139602168593
single,0.6236438630684182
triple,1.3927026556910527
walk,0.32725041523804793
