events,coef
double,1.0197861751403134
hit_by_pitch,0.5174291903099214
home_run,2.13529874749091
single,0.6251909634987645
triple,1.3717409216672565
walk,0.3305540018928336
