events,coef
double,1.0724650387803385
hit_by_pitch,0.5194462676287719
home_run,1.9422340373218505
single,0.6741087289189922
triple,1.4777321688484213
walk,0.31401375850162505
