events,coef
double,1.0599153548630418
hit_by_pitch,0.5206993362970637
home_run,1.928100953149439
single,0.6752936424103964
triple,1.4983854848504259
walk,0.3176052284296333
