events,coef
double,1.0178194334855584
hit_by_pitch,0.5201644309105234
home_run,2.135207471251013
single,0.6272431636305459
triple,1.3683090817519994
walk,0.3312564189703592
