events,coef
double,1.0777835307481833
hit_by_pitch,0.523832104637556
home_run,1.9513494517348984
single,0.6736011698402823
triple,1.454471813328102
walk,0.318961929710978
