events,coef
double,1.0632468938363013
hit_by_pitch,0.5228314813548967
home_run,1.9309180945466553
single,0.6713682388516389
triple,1.494465834167051
walk,0.31716945724345624
