events,coef
double,1.0654550493342538
hit_by_pitch,0.525989107316784
home_run,1.9370292224060552
single,0.6746537650172681
triple,1.479340271541151
walk,0.31753258438448795
