events,coef
double,1.0193411187946513
hit_by_pitch,0.5131828596164096
home_run,2.123732893288603
single,0.6255820051787636
triple,1.3846361664835232
walk,0.3335249566380487
