events,coef
double,1.076329926052872
hit_by_pitch,0.524584177976941
home_run,1.9548181687929804
single,0.6737111934770118
triple,1.451804421705561
walk,0.31875211199463277
