events,coef
double,1.0224508499442153
hit_by_pitch,0.5133704796175189
home_run,2.138877192034507
single,0.6234912105661518
triple,1.374291692156021
walk,0.32751857568158627
