events,coef
double,1.076887496352743
hit_by_pitch,0.5241923139781736
home_run,1.9533299188533215
single,0.6754036890734998
triple,1.4509202297359627
walk,0.31926635200629905
