events,coef
double,1.0136238757289173
hit_by_pitch,0.5150575381174953
home_run,2.1253462090696704
single,0.6244371552986097
triple,1.392690092440646
walk,0.3288451293446612
