events,coef
double,1.061797939725043
hit_by_pitch,0.5199393270458776
home_run,1.9291061655106385
single,0.6763048087373819
triple,1.4953916864703838
walk,0.3174600725106758
