events,coef
double,1.0229099487152677
hit_by_pitch,0.5131485453053509
home_run,2.1395810952530616
single,0.6231499452614084
triple,1.374090211119039
walk,0.3271202543458725
