events,coef
double,1.0766881399169603
hit_by_pitch,0.5237179157316832
home_run,1.9575870462323923
single,0.6736960197519187
triple,1.4502920502343761
walk,0.3180188281326692
