events,coef
double,1.0764778196609386
hit_by_pitch,0.5240730166758605
home_run,1.9575752537820665
single,0.6735844133794151
triple,1.4502457917267597
walk,0.31804370477496036
