events,coef
double,1.0733738517199023
hit_by_pitch,0.522729020663065
home_run,1.9452577775724234
single,0.6769655801873311
triple,1.4671336481976547
walk,0.31454012165962425
