events,coef
double,1.0769526600896346
hit_by_pitch,0.5251069559862139
home_run,1.9545401207282853
single,0.6745457625251826
triple,1.4497390964056012
walk,0.31911540426508234
