events,coef
double,1.066642908024849
hit_by_pitch,0.5248304708013125
home_run,1.9321230262049387
single,0.6755239758638978
triple,1.484319711522583
walk,0.3165599075824186
