events,coef
double,1.0708235199660787
hit_by_pitch,0.5227586584615964
home_run,1.9434601873776827
single,0.673456609169655
triple,1.4751209457721348
walk,0.3143800792528519
