events,coef
double,1.0798895151491708
hit_by_pitch,0.5234351121823914
home_run,1.9537791007277188
single,0.672522662626803
triple,1.4548681224959
walk,0.3155054868180155
