events,coef
double,1.073475063988197
hit_by_pitch,0.5228390154764704
home_run,1.941564305800321
single,0.6760950911793562
triple,1.471114666567339
walk,0.3149118569883162
