events,coef
double,1.0196578454095049
hit_by_pitch,0.513150937354878
home_run,2.122939140264076
single,0.626045611115044
triple,1.3847142762779017
walk,0.3334921895785951
