events,coef
double,1.019731769950222
hit_by_pitch,0.5179847876069649
home_run,2.134810377680852
single,0.6258223917906037
triple,1.3711756727544093
walk,0.33047500021694853
