events,coef
double,1.0762612594879901
hit_by_pitch,0.5241724450440611
home_run,1.9555045467787195
single,0.6734457965990146
triple,1.4522661919938535
walk,0.318349760096361
