events,coef
double,1.0765378624408732
hit_by_pitch,0.5239936570264161
home_run,1.9551009460948041
single,0.6731593859649229
triple,1.4529422156030558
walk,0.31826593286992766
