events,coef
double,1.076536706478742
hit_by_pitch,0.5240358660971263
home_run,1.9557733187130986
single,0.6734975380567229
triple,1.4523739812096024
walk,0.3177825894447082
