events,coef
double,1.0765335446044213
hit_by_pitch,0.5240835897637063
home_run,1.955723296447828
single,0.6734962521407691
triple,1.4523311448702005
walk,0.31783217217307447
