events,coef
double,1.0127704357553826
hit_by_pitch,0.5149075154593639
home_run,2.127417647969541
single,0.6242574752202187
triple,1.3925147101217163
walk,0.32813221547377747
